{"stats":{"minecraft:crafted":{"minecraft:oak_planks":20,"minecraft:crafting_table":1,"minecraft:iron_helmet":1,"minecraft:iron_sword":1,"minecraft:iron_boots":1,"minecraft:iron_chestplate":1,"minecraft:iron_axe":1,"minecraft:stick":8,"minecraft:iron_pickaxe":1,"minecraft:iron_leggings":1},"minecraft:used":{"waystones:sandy_waystone":1,"minecraft:iron_sword":83,"minecraft:rotten_flesh":2,"minecraft:dirt":5,"minecraft:sand":3,"minecraft:crafting_table":4,"minecraft:iron_axe":11,"minecraft:bread":8,"minecraft:iron_pickaxe":15,"minecraft:cooked_porkchop":1,"minecraft:oak_sapling":5,"minecraft:porkchop":1,"minecraft:egg":1,"minecraft:experience_bottle":1},"minecraft:killed_by":{"minecraft:vindicator":1},"minecraft:mined":{"minecraft:crafting_table":3,"gravestone:gravestone":1,"minecraft:grass_block":1,"minecraft:tall_grass":4,"minecraft:sugar_cane":5,"minecraft:spawner":1,"minecraft:andesite":1,"minecraft:bee_nest":1,"minecraft:grass":3,"minecraft:bookshelf":8,"minecraft:oak_log":11,"minecraft:sand":3,"minecraft:dirt":4,"minecraft:cobweb":7,"minecraft:stone":5,"appliedenergistics2:quartz_ore":7,"minecraft:oak_leaves":7},"minecraft:picked_up":{"minecraft:crafting_table":3,"minecraft:cooked_beef":7,"aoa3:copper_coin":6,"minecraft:leather":15,"minecraft:enchanted_book":2,"waystones:sandy_waystone":1,"minecraft:oak_log":11,"aoa3:armour_plating":1,"minecraft:gunpowder":3,"minecraft:dirt":5,"minecraft:string":7,"minecraft:bone":1,"minecraft:apple":2,"appliedenergistics2:certus_quartz_crystal":10,"minecraft:iron_ingot":32,"minecraft:sugar_cane":12,"minecraft:egg":1,"minecraft:book":24,"minecraft:stick":9,"minecraft:cooked_porkchop":1,"minecraft:sand":3,"minecraft:porkchop":1,"aoa3:scrap_metal":1,"usefulbackpacks:backpack_large":1,"minecraft:arrow":2,"minecraft:rotten_flesh":3,"minecraft:diamond":1,"minecraft:bread":10,"minecraft:oak_sapling":5,"minecraft:mutton":2,"minecraft:white_wool":1,"minecraft:cobblestone":1},"minecraft:custom":{"minecraft:mob_kills":23,"minecraft:interact_with_crafting_table":8,"minecraft:open_barrel":14,"minecraft:play_one_minute":54245,"minecraft:leave_game":1,"minecraft:time_since_death":37161,"minecraft:climb_one_cm":101,"minecraft:time_since_rest":37212,"minecraft:waystone_activated":1,"minecraft:sprint_one_cm":54962,"minecraft:damage_taken":653,"minecraft:walk_one_cm":79400,"minecraft:drop":15,"minecraft:damage_dealt":4596,"minecraft:swim_one_cm":283,"minecraft:player_kills":1,"minecraft:fly_one_cm":1082254,"minecraft:open_chest":19,"minecraft:crouch_one_cm":847,"minecraft:deaths":1,"minecraft:sneak_time":1033,"minecraft:walk_under_water_one_cm":5213,"minecraft:jump":329,"minecraft:walk_on_water_one_cm":1868,"minecraft:fall_one_cm":5968},"minecraft:killed":{"aoa3:ancient_golem":1,"minecraft:pig":1,"aoa3:night_reaper":1,"aoa3:mother_void_walker":1,"aoa3:bomb_carrier":1,"minecraft:horse":9,"minecraft:bee":2,"aoa3:sasquatch":2,"aoa3:ghost":1,"minecraft:cow":3},"minecraft:dropped":{"minecraft:enchanted_book":2,"minecraft:diamond":1,"minecraft:iron_helmet":1,"minecraft:rotten_flesh":1,"minecraft:leather":9,"gravestone:obituary":1}},"DataVersion":2586}