{"stats":{"minecraft:killed":{"minecraft:pig":1},"minecraft:picked_up":{"minecraft:wheat_seeds":1,"minecraft:porkchop":3,"minecraft:oak_log":8,"minecraft:oak_sapling":1,"minecraft:dirt":12,"minecraft:cobblestone":19},"minecraft:killed_by":{"aoa3:horndron":1},"minecraft:mined":{"minecraft:grass":3,"minecraft:grass_block":6,"minecraft:oak_log":8,"minecraft:dirt":6,"minecraft:stone":19,"minecraft:oak_leaves":1},"minecraft:used":{"minecraft:dirt":3,"minecraft:crafting_table":2,"minecraft:porkchop":2,"minecraft:stone_pickaxe":21,"minecraft:wooden_pickaxe":4},"minecraft:custom":{"minecraft:time_since_rest":9567,"minecraft:play_one_minute":10689,"minecraft:crouch_one_cm":655,"minecraft:walk_one_cm":6871,"minecraft:sprint_one_cm":10037,"minecraft:damage_taken":395,"minecraft:deaths":1,"minecraft:sneak_time":461,"minecraft:mob_kills":1,"minecraft:jump":86,"minecraft:damage_dealt":135,"minecraft:time_since_death":6389,"minecraft:interact_with_crafting_table":4,"minecraft:fall_one_cm":896,"minecraft:fly_one_cm":8343},"minecraft:crafted":{"minecraft:stone_sword":1,"minecraft:oak_planks":32,"minecraft:crafting_table":2,"minecraft:stick":8,"minecraft:stone_pickaxe":1,"minecraft:wooden_pickaxe":1}},"DataVersion":2586}