{"stats":{"minecraft:used":{"minecraft:stone_sword":56,"minecraft:stone_pickaxe":37,"minecraft:ladder":4,"minecraft:wooden_pickaxe":4,"minecraft:oak_door":6,"minecraft:dirt":5,"minecraft:sand":1,"minecraft:crafting_table":11,"minecraft:red_bed":1,"corail_recycler:recycler":1,"minecraft:crossbow":1,"minecraft:cod":6,"minecraft:jungle_trapdoor":1,"minecraft:bread":12,"minecraft:iron_pickaxe":56,"minecraft:wet_sponge":1,"minecraft:stone_axe":87,"carryon:tile_item":8,"minecraft:furnace":2,"minecraft:porkchop":2,"minecraft:cooked_porkchop":4,"tconstruct:crafting_station":1,"minecraft:andesite":2},"minecraft:crafted":{"minecraft:oak_door":6,"tconstruct:pattern":3,"minecraft:oak_planks":76,"minecraft:cooked_porkchop":1,"minecraft:crafting_table":7,"minecraft:wooden_pickaxe":1,"usefulbackpacks:backpack_small":2,"minecraft:furnace":1,"corail_recycler:diamond_shard":9,"minecraft:stone_axe":1,"minecraft:air":0,"tconstruct:crafting_station":1,"minecraft:stick":12,"usefulbackpacks:backpack_large":2,"minecraft:stone_pickaxe":1,"minecraft:stone_sword":1,"minecraft:chest":1,"corail_recycler:diamond_disk":1,"usefulbackpacks:backpack_medium":2,"corail_recycler:recycler":1,"minecraft:shears":1},"minecraft:killed_by":{"minecraft:player":1,"minecraft:skeleton":1,"aoa3:horndron":1},"minecraft:mined":{"minecraft:spruce_planks":1,"minecraft:red_bed":1,"corail_recycler:recycler":1,"gravestone:gravestone":2,"minecraft:crafting_table":5,"minecraft:ladder":4,"minecraft:granite":5,"minecraft:grass_block":7,"minecraft:dead_bush":4,"minecraft:sugar_cane":5,"minecraft:oak_planks":1,"minecraft:bricks":2,"minecraft:diorite":5,"minecraft:sandstone":14,"minecraft:furnace":2,"minecraft:andesite":3,"chisel:marble/raw":2,"minecraft:grass":10,"minecraft:coal_ore":2,"minecraft:oak_log":52,"minecraft:sand":8,"minecraft:dirt":9,"minecraft:cobweb":4,"minecraft:stone":55,"minecraft:oak_leaves":6,"minecraft:spruce_slab":1,"minecraft:jungle_trapdoor":1},"minecraft:picked_up":{"aoa3:copper_coin":11,"corail_recycler:recycler":1,"minecraft:crafting_table":5,"minecraft:feather":3,"mowziesmobs:barakoa_mask_faith":1,"minecraft:ladder":4,"minecraft:andesite":6,"minecraft:leather":30,"corail_recycler:diamond_disk":1,"minecraft:oak_log":52,"minecraft:dirt":25,"minecraft:jungle_trapdoor":1,"minecraft:string":4,"minecraft:red_bed":1,"minecraft:wheat_seeds":4,"minecraft:beef":36,"minecraft:observer":1,"minecraft:spruce_slab":1,"minecraft:sugar_cane":10,"minecraft:oak_planks":5,"minecraft:furnace":2,"minecraft:oak_slab":8,"minecraft:stick":6,"minecraft:sandstone":14,"chisel:marble/raw":2,"minecraft:sand":8,"minecraft:porkchop":3,"mowziesmobs:barakoa_mask_bliss":1,"minecraft:diorite":4,"minecraft:redstone":3,"minecraft:dispenser":1,"minecraft:arrow":7,"aoa3:void_scales":2,"minecraft:diamond":1,"minecraft:granite":5,"minecraft:oak_sapling":3,"minecraft:mutton":25,"minecraft:coal":2,"minecraft:bricks":2,"minecraft:wet_sponge":1,"minecraft:white_wool":36,"minecraft:cobblestone":59},"minecraft:custom":{"minecraft:interact_with_furnace":3,"minecraft:mob_kills":46,"minecraft:interact_with_crafting_table":22,"minecraft:open_barrel":41,"minecraft:play_one_minute":124145,"minecraft:leave_game":3,"minecraft:time_since_death":47330,"minecraft:climb_one_cm":5086,"minecraft:time_since_rest":47358,"minecraft:sprint_one_cm":71893,"minecraft:damage_taken":1588,"minecraft:walk_one_cm":80867,"minecraft:drop":19,"minecraft:damage_dealt":3903,"minecraft:swim_one_cm":3212,"minecraft:fly_one_cm":2644239,"minecraft:open_chest":72,"minecraft:crouch_one_cm":4692,"minecraft:deaths":3,"minecraft:sneak_time":5550,"minecraft:walk_under_water_one_cm":74140,"minecraft:jump":494,"minecraft:walk_on_water_one_cm":4779,"minecraft:fall_one_cm":2895},"minecraft:killed":{"minecraft:pig":1,"minecraft:elder_guardian":1,"aoa3:mother_void_walker":2,"minecraft:sheep":22,"minecraft:bee":1,"aoa3:ghost":1,"minecraft:cow":18},"minecraft:dropped":{"usefulbackpacks:backpack_large":1,"minecraft:iron_ingot":32,"minecraft:bread":10,"minecraft:bricks":2,"minecraft:iron_nugget":7,"minecraft:diamond":1,"minecraft:cooked_porkchop":1,"aoa3:void_scales":2,"aoa3:copper_coin":11,"aoa3:tea_seeds":1,"minecraft:andesite":2,"minecraft:oak_sapling":1,"gravestone:obituary":3,"minecraft:sandstone":5,"minecraft:arrow":7,"minecraft:wooden_pickaxe":1}},"DataVersion":2586}